Username,Password
Warrior1,test123
Warrior2,test123
Warrior3,test123
Warrior4,test123
Warrior5,test123
Warrior6,test123
Warrior7,test123
Warrior8,test123
Warrior9,test123
Warrior10,test123
Warrior11,test123
Warrior12,test123
Warrior13,test123
Warrior14,test123
Warrior15,test123
Warrior16,test123
Warrior17,test123
Warrior18,test123
Warrior19,test123
Warrior20,test123
Warrior21,test123
Warrior22,test123
Warrior23,test123
Warrior24,test123
Warrior25,test123
Warrior26,test123
Warrior27,test123
Warrior28,test123
Warrior29,test123
Warrior30,test123
Warrior31,test123
Warrior32,test123
Warrior33,test123
Warrior34,test123
Warrior35,test123
Warrior36,test123
Warrior37,test123
Warrior38,test123
Warrior39,test123
Warrior40,test123
Warrior41,test123
Warrior42,test123
Warrior43,test123
Warrior44,test123
Warrior45,test123
Warrior46,test123
Warrior47,test123
Warrior48,test123
Warrior49,test123
Warrior50,test123
Warrior51,test123
Warrior52,test123
Warrior53,test123
Warrior54,test123
Warrior55,test123
Warrior56,test123
Warrior57,test123
Warrior58,test123
Warrior59,test123
Warrior60,test123